Titel;Ort;Erscheinungsweise;Quartal;Verbreitung;Verkauf;DAGesamt
.de - magazin deutschland;Frankfurt;2-mtl;20041;387217;1267;403250
.de - magazin deutschland;Frankfurt;2-mtl;20042;387093;1248;399500
.de - magazin deutschland;Frankfurt;2-mtl;20043;445572;1227;459000
.de - magazin deutschland;Frankfurt;2-mtl;20044;383755;1080;397250
.de - magazin deutschland;Frankfurt;2-mtl;20051;380718;913;396000
.de - magazin deutschland;Frankfurt;2-mtl;20052;375522;966;401000
.de - magazin deutschland;Frankfurt;2-mtl;20053;450346;972;460000
.de - magazin deutschland;Frankfurt;2-mtl;20054;365962;986;379000
.de - magazin deutschland;Frankfurt;2-mtl;20061;504982;935;519000
.de - magazin deutschland;Frankfurt;2-mtl;20062;377605;955;392000
.de - magazin deutschland;Frankfurt;2-mtl;20063;379422;912;400000
.de - magazin deutschland;Frankfurt;2-mtl;20064;407890;860;427500
.de - magazin deutschland;Frankfurt;2-mtl;20071;407967;765;435000
.de - magazin deutschland;Frankfurt;2-mtl;20072;373715;769;406500
.de - magazin deutschland;Frankfurt;2-mtl;20073;419663;786;438100
.de - magazin deutschland;Frankfurt;2-mtl;20074;371154;778;389500
.de - magazin deutschland;Frankfurt;2-mtl;20081;357046;741;371000
.de - magazin deutschland;Frankfurt;2-mtl;20082;351263;734;368751
.de - magazin deutschland;Frankfurt;2-mtl;20083;378123;739;410000
.de - magazin deutschland;Frankfurt;2-mtl;20084;339323;709;353250
.de - magazin deutschland;Frankfurt;2-mtl;20091;313240;690;328000
.de - magazin deutschland;Frankfurt;2-mtl;20092;348462;661;363250
.de - magazin deutschland;Frankfurt;2-mtl;20093;314914;686;330000
.de - magazin deutschland;Frankfurt;2-mtl;20094;307748;663;320500
Bunte;München;woe;19981;672328;663122;887466
Bunte;München;woe;19982;687742;678069;875681
Bunte;München;woe;19983;724255;710879;917651
Bunte;München;woe;19984;698048;682736;911869
Bunte;München;woe;19991;694548;682591;888506
Bunte;München;woe;19992;708010;697662;892139
Bunte;München;woe;19993;763122;754098;965414
Bunte;München;woe;19994;714717;704339;918485
Bunte;München;woe;20001;725029;716024;929634
Bunte;München;woe;20002;736355;727130;927546
Bunte;München;woe;20003;803437;794521;1010125
Bunte;München;woe;20004;728392;719371;947815
Bunte;München;woe;20011;797441;788892;977721
Bunte;München;woe;20012;773421;764514;987613
Bunte;München;woe;20013;849163;840600;1067440
Bunte;München;woe;20014;767598;758467;1005767
Bunte;München;woe;20021;781106;772457;996529
Bunte;München;woe;20022;790662;780238;993573
Bunte;München;woe;20023;821807;811136;1046858
Bunte;München;woe;20024;745316;735963;979433
Bunte;München;woe;20031;767735;758638;981014
Bunte;München;woe;20032;788085;777435;1024165
Bunte;München;woe;20033;804305;793691;1045385
Bunte;München;woe;20034;737867;727797;989816
Bunte;München;woe;20041;748424;738658;980252
Bunte;München;woe;20042;762840;754791;966600
Bunte;München;woe;20043;794087;785085;992044
Bunte;München;woe;20044;738667;730136;947947
Bunte;München;woe;20051;758519;748843;947254
Bunte;München;woe;20052;784580;776802;996195
Bunte;München;woe;20053;792883;784915;1000660
Bunte;München;woe;20054;728829;721300;958643
Bunte;München;woe;20061;732412;725036;941507
Bunte;München;woe;20062;742592;736039;938959
Bunte;München;woe;20063;780101;772679;964423
Bunte;München;woe;20064;714736;708410;924695
Bunte;München;woe;20071;725384;718716;928121
Bunte;München;woe;20072;738073;732317;946181
Bunte;München;woe;20073;763085;756472;968871
Bunte;München;woe;20074;712161;706346;940554
Bunte;München;woe;20081;724702;718575;938744
Bunte;München;woe;20082;715657;709599;928154
Bunte;München;woe;20083;743970;737346;944598
Bunte;München;woe;20084;717115;710466;928968
Bunte;München;woe;20091;667223;660482;879665
Bunte;München;woe;20092;665989;659299;856026
Bunte;München;woe;20093;691877;684496;877900
Bunte;München;woe;20094;656740;648923;870220
CHANCE (Russisch);Köln;mtl;20021;101357;1520;105667
CHANCE (Russisch);Köln;mtl;20033;74991;12233;76666
CHANCE (Russisch);Köln;mtl;20033;75058;32062;76667
CHANCE (Russisch);Köln;mtl;20034;78798;12525;79973
CHANCE (Russisch);Köln;mtl;20041;78721;12121;79990
CHANCE (Russisch);Köln;mtl;20042;79088;12194;80192
CHANCE (Russisch);Köln;mtl;20043;98796;11498;99995
CHANCE (Russisch);Köln;mtl;20043;93796;36086;99995
CHANCE (Russisch);Köln;mtl;20044;83509;20412;86665
CHANCE (Russisch);Köln;mtl;20044;83509;41679;86665
CHANCE (Russisch);Köln;mtl;20051;115355;20272;120500
CHANCE (Russisch);Köln;mtl;20051;115355;112754;120500
CHANCE (Russisch);Köln;mtl;20052;113706;19284;118728
Christ in der Gegenwart;Freiburg;woe;19981;33589;30964;38187
Christ in der Gegenwart;Freiburg;woe;19982;34320;31663;37897
Christ in der Gegenwart;Freiburg;woe;19983;32962;30562;37547
Christ in der Gegenwart;Freiburg;woe;19984;35433;30888;38131
Christ in der Gegenwart;Freiburg;woe;19991;32551;30710;36800
Christ in der Gegenwart;Freiburg;woe;19992;32852;31087;36533
Christ in der Gegenwart;Freiburg;woe;19993;32079;30352;34800
Christ in der Gegenwart;Freiburg;woe;19994;32168;30696;35550
Christ in der Gegenwart;Freiburg;woe;20001;33778;31779;35500
Christ in der Gegenwart;Freiburg;woe;20002;34240;32068;36233
Christ in der Gegenwart;Freiburg;woe;20003;34254;31661;37975
Christ in der Gegenwart;Freiburg;woe;20004;36140;32089;39821
Christ in der Gegenwart;Freiburg;woe;20011;33425;32041;37208
Christ in der Gegenwart;Freiburg;woe;20012;34836;31948;38125
Christ in der Gegenwart;Freiburg;woe;20013;39316;32056;41800
Christ in der Gegenwart;Freiburg;woe;20014;35638;33289;36767
Christ in der Gegenwart;Freiburg;woe;20014;44680;35995;45958
Christ in der Gegenwart;Freiburg;woe;20021;35955;32049;38725
Christ in der Gegenwart;Freiburg;woe;20022;34965;32016;36587
Christ in der Gegenwart;Freiburg;woe;20023;39526;31711;42842
Christ in der Gegenwart;Freiburg;woe;20024;33901;32656;36341
Christ in der Gegenwart;Freiburg;woe;20031;33785;31577;36383
Christ in der Gegenwart;Freiburg;woe;20032;34933;31697;38282
Christ in der Gegenwart;Freiburg;woe;20033;37927;31536;41421
Christ in der Gegenwart;Freiburg;woe;20034;33558;32302;36300
Christ in der Gegenwart;Freiburg;woe;20041;33290;31365;35602
Christ in der Gegenwart;Freiburg;woe;20042;38569;31316;40922
Christ in der Gegenwart;Freiburg;woe;20042;39064;31319;41390
Christ in der Gegenwart;Freiburg;woe;20043;37815;32140;39843
Christ in der Gegenwart;Freiburg;woe;20044;34392;32706;36333
Christ in der Gegenwart;Freiburg;woe;20051;37872;31337;41117
Christ in der Gegenwart;Freiburg;woe;20052;32883;31119;36152
Christ in der Gegenwart;Freiburg;woe;20053;31913;31055;35371
Christ in der Gegenwart;Freiburg;woe;20054;37453;31176;40504
Christ in der Gegenwart;Freiburg;woe;20061;36476;30732;39746
Christ in der Gegenwart;Freiburg;woe;20062;32940;30623;36133
Christ in der Gegenwart;Freiburg;woe;20063;34877;30320;38864
Christ in der Gegenwart;Freiburg;woe;20064;36720;28126;38878
Christ in der Gegenwart;Freiburg;woe;20064;39784;30470;42117
Christ in der Gegenwart;Freiburg;woe;20071;35691;30662;38127
Christ in der Gegenwart;Freiburg;woe;20072;35788;30806;38727
Christ in der Gegenwart;Freiburg;woe;20073;34854;29503;38593
Christ in der Gegenwart;Freiburg;woe;20074;36703;29523;40079
Christ in der Gegenwart;Freiburg;woe;20081;42863;30662;46908
Christ in der Gegenwart;Freiburg;woe;20082;35131;30863;39361
Christ in der Gegenwart;Freiburg;woe;20083;32744;29709;37557
Christ in der Gegenwart;Freiburg;woe;20084;39041;29491;43613
Christ in der Gegenwart;Freiburg;woe;20091;33823;29781;38251
Christ in der Gegenwart;Freiburg;woe;20092;32394;29866;35525
Christ in der Gegenwart;Freiburg;woe;20093;31260;29898;35336
Christ in der Gegenwart;Freiburg;woe;20094;32346;30756;35215
Cicero;Berlin;mtl;20051;84217;54966;116533
Cicero;Berlin;mtl;20052;78172;56865;106853
Cicero;Berlin;mtl;20053;77275;62746;106556
Cicero;Berlin;mtl;20054;85830;66189;118150
Cicero;Berlin;mtl;20061;90052;68394;116833
Cicero;Berlin;mtl;20062;84053;66474;112785
Cicero;Berlin;mtl;20063;86818;70014;115000
Cicero;Berlin;mtl;20064;83498;70252;115787
Cicero;Berlin;mtl;20071;79042;70324;111556
Cicero;Berlin;mtl;20072;80500;72899;109837
Cicero;Berlin;mtl;20073;81128;73172;109982
Cicero;Berlin;mtl;20074;97268;75193;131503
Cicero;Berlin;mtl;20081;87620;76614;120690
Cicero;Berlin;mtl;20082;85976;77077;118333
Cicero;Berlin;mtl;20083;91090;77567;122667
Cicero;Berlin;mtl;20084;85609;78112;120667
Cicero;Berlin;mtl;20091;89537;80588;122267
Cicero;Berlin;mtl;20092;86683;80628;121017
Cicero;Berlin;mtl;20093;90159;81032;122037
Cicero;Berlin;mtl;20094;91133;82093;123333
DAHEIM in Deutschland;Stuttgart;2-mtl;20063;163755;97550;177490
DAHEIM in Deutschland;Stuttgart;2-mtl;20064;110925;101406;138817
DAHEIM in Deutschland;Stuttgart;2-mtl;20071;210203;141697;240116
DAHEIM in Deutschland;Stuttgart;2-mtl;20072;123651;121207;145077
DAHEIM in Deutschland;Stuttgart;2-mtl;20073;157859;132529;182495
DAHEIM in Deutschland;Stuttgart;2-mtl;20074;119882;117088;132097
DAHEIM in Deutschland;Stuttgart;2-mtl;20081;154541;128933;165669
DAHEIM in Deutschland;Stuttgart;2-mtl;20082;125126;122971;136950
DAHEIM in Deutschland;Stuttgart;2-mtl;20083;136880;120404;149577
DAHEIM in Deutschland;Stuttgart;2-mtl;20084;122914;120553;125650
DAHEIM in Deutschland;Stuttgart;2-mtl;20091;166012;148416;271269
DAHEIM in Deutschland;Stuttgart;2-mtl;20092;143650;138296;217021
DAHEIM in Deutschland;Stuttgart;2-mtl;20093;156790;146681;200296
DAHEIM in Deutschland;Stuttgart;2-mtl;20094;140521;136197;176989
Das Magazin;Berlin;mtl;19981;77127;76958;98800
Das Magazin;Berlin;mtl;19982;80935;80361;98800
Das Magazin;Berlin;mtl;19983;76191;75619;98533
Das Magazin;Berlin;mtl;19984;74223;73653;98800
Das Magazin;Berlin;mtl;19991;71950;71373;98867
Das Magazin;Berlin;mtl;19991;76483;75906;98867
Das Magazin;Berlin;mtl;19992;77838;75488;98800
Das Magazin;Berlin;mtl;19993;76913;74813;98800
Das Magazin;Berlin;mtl;19994;75840;73640;98800
Das Magazin;Berlin;mtl;20001;78378;72785;98800
Das Magazin;Berlin;mtl;20002;77355;73755;98800
Das Magazin;Berlin;mtl;20003;77845;74116;98800
Entscheidung, Die;Monschau;6 x jähr;20043;14100;1052;14150
Entscheidung, Die;Monschau;6 x jähr;20044;12650;1058;12700
Entscheidung, Die;Monschau;6 x jähr;20044;56300;1058;56350
Entscheidung, Die;Monschau;6 x jähr;20051;56150;1074;56200
Entscheidung, Die;Monschau;6 x jähr;20051;12350;1089;12400
Entscheidung, Die;Monschau;6 x jähr;20052;9950;1095;10000
Entscheidung, Die;Monschau;6 x jähr;20053;14715;1100;14765
Entscheidung, Die;Monschau;6 x jähr;20054;11211;1131;11261
Entscheidung, Die;Monschau;6 x jähr;20061;10750;1171;10800
Entscheidung, Die;Monschau;6 x jähr;20062;11800;1229;11850
Entscheidung, Die;Monschau;6 x jähr;20063;11050;1224;11100
Entscheidung, Die;Monschau;6 x jähr;20064;11125;1209;11175
Entscheidung, Die;Monschau;6 x jähr;20071;11550;1203;11600
Entscheidung, Die;Monschau;6 x jähr;20072;11000;1210;11050
Entscheidung, Die;Monschau;6 x jähr;20073;11300;1227;11350
Entscheidung, Die;Monschau;6 x jähr;20074;11550;1293;11600
Entscheidung, Die;Monschau;6 x jähr;20081;11700;1292;11750
Entscheidung, Die;Monschau;6 x jähr;20082;11525;1306;11575
Entscheidung, Die;Monschau;6 x jähr;20083;13197;1338;13247
Entscheidung, Die;Monschau;6 x jähr;20084;11425;1359;11475
Entscheidung, Die;Monschau;6 x jähr;20091;11350;1349;11400
Entscheidung, Die;Monschau;6 x jähr;20092;11200;1353;11250
Entscheidung, Die;Monschau;6 x jähr;20093;12075;1353;12125
Entscheidung, Die;Monschau;6 x jähr;20094;10925;1381;10975
EU-Magazin;Baden-Baden;10 x jähr;19981;15802;9176;23792
EU-Magazin;Baden-Baden;10 x jähr;19982;13042;3370;35772
EU-Magazin;Baden-Baden;10 x jähr;19983;9120;2516;23737
EU-Magazin;Baden-Baden;10 x jähr;19983;11399;3144;29671
EU-Magazin;Baden-Baden;10 x jähr;19984;11673;3617;29705
EU-Magazin;Baden-Baden;10 x jähr;19991;12247;3057;29553
EU-Magazin;Baden-Baden;10 x jähr;19992;12519;3756;29699
EU-Magazin;Baden-Baden;10 x jähr;19993;13967;4981;29707
EU-Magazin;Baden-Baden;10 x jähr;19994;14067;5075;29644
Europäische Zeitung;Bonn;12 x jähr;19981;25346;21023;25850
Europäische Zeitung;Bonn;12 x jähr;19982;25841;21578;26133
Europäische Zeitung;Bonn;12 x jähr;19983;26268;21160;26750
Europäische Zeitung;Bonn;12 x jähr;19984;25660;21223;26267
Europäische Zeitung;Bonn;12 x jähr;19991;24796;20372;25750
Europäische Zeitung;Bonn;12 x jähr;19992;24209;20182;25250
Europäische Zeitung;Bonn;12 x jähr;19992;24432;20405;25250
Europäische Zeitung;Bonn;12 x jähr;19993;23772;20175;24500
Europäische Zeitung;Bonn;12 x jähr;19994;23670;20083;24667
Europäische Zeitung;Bonn;12 x jähr;20001;23441;20112;24050
Europäische Zeitung;Bonn;12 x jähr;20002;23306;20005;23866
Europäische Zeitung;Bonn;12 x jähr;20003;23014;19920;23600
Europäische Zeitung;Bonn;12 x jähr;20004;23073;19865;23466
Europäische Zeitung;Bonn;12 x jähr;20011;23368;19574;23450
Europäische Zeitung;Bonn;12 x jähr;20012;22752;19326;23500
Europäische Zeitung;Bonn;12 x jähr;20013;22945;19464;23500
Europäische Zeitung;Bonn;12 x jähr;20014;23418;19319;23833
Europäische Zeitung;Bonn;12 x jähr;20021;22499;18940;23033
Europäische Zeitung;Bonn;12 x jähr;20022;20681;18655;21100
Europäische Zeitung;Bonn;12 x jähr;20023;8601;6336;9000
EUROSAAR;Bexbach;vtl-jähr;20023;9443;2970;10000
EUROSAAR;Bexbach;vtl-jähr;20024;9398;2970;10000
EUROSAAR;Bexbach;vtl-jähr;20024;9563;2970;10000
EUROSAAR;Bexbach;vtl-jähr;20031;9663;2970;10000
EUROSAAR;Bexbach;vtl-jähr;20032;9532;2970;10000
EUROSAAR;Bexbach;vtl-jähr;20032;8065;2970;10000
EUROSAAR;Bexbach;vtl-jähr;20033;9608;2970;10000
EUROSAAR;Bexbach;vtl-jähr;20033;9608;2970;10000
EUROSAAR;Bexbach;vtl-jähr;20034;9600;2480;10000
EUROSAAR;Bexbach;vtl-jähr;20034;9600;2480;10000
EUROSAAR;Bexbach;vtl-jähr;20041;9716;2480;10000
Focus;München;woe;19981;768800;758849;998521
Focus;München;woe;19982;745240;732842;965300
Focus;München;woe;19983;829108;816800;1017199
Focus;München;woe;19984;795341;782685;1020329
Focus;München;woe;19991;794437;783796;1040056
Focus;München;woe;19992;759023;749347;964654
Focus;München;woe;19993;832837;824057;1031798
Focus;München;woe;19994;774293;765077;1013872
Focus;München;woe;20001;819392;810931;1043448
Focus;München;woe;20002;752622;743375;992054
Focus;München;woe;20003;780239;770952;1017272
Focus;München;woe;20004;742839;733830;971513
Focus;München;woe;20011;781388;772965;1005433
Focus;München;woe;20012;765990;757257;966888
Focus;München;woe;20013;825656;815477;1033437
Focus;München;woe;20014;741027;730915;1039385
Focus;München;woe;20021;779629;768281;990971
Focus;München;woe;20022;758948;747806;979948
Focus;München;woe;20023;798096;786573;1007044
Focus;München;woe;20024;762952;753203;979972
Focus;München;woe;20031;800719;790752;1002369
Focus;München;woe;20032;819214;810154;1018433
Focus;München;woe;20033;832860;824328;1034635
Focus;München;woe;20034;777717;766461;984472
Focus;München;woe;20041;809756;798406;996457
Focus;München;woe;20042;779865;768472;987095
Focus;München;woe;20043;802166;791924;1015782
Focus;München;woe;20044;763326;752526;987863
Focus;München;woe;20051;789719;779866;989334
Focus;München;woe;20052;789102;775921;976781
Focus;München;woe;20053;805077;790834;978836
Focus;München;woe;20054;760413;745362;937860
Focus;München;woe;20061;751124;734592;920833
Focus;München;woe;20062;746032;730435;916320
Focus;München;woe;20063;752118;733999;915355
Focus;München;woe;20064;729199;714168;888160
Focus;München;woe;20071;735055;723004;891389
Focus;München;woe;20072;725358;711170;899400
Focus;München;woe;20073;741463;728104;911563
Focus;München;woe;20074;735476;720858;909735
Focus;München;woe;20081;718376;704975;894708
Focus;München;woe;20082;765169;751625;919876
Focus;München;woe;20083;800009;787873;962067
Focus;München;woe;20084;752766;738679;926867
Focus;München;woe;20091;694113;683440;864623
Focus;München;woe;20092;668760;656776;819727
Focus;München;woe;20093;624812;614032;788573
Focus;München;woe;20094;590467;579788;762995
Gala;Hamburg;woe;19981;296220;289008;429732
Gala;Hamburg;woe;19982;304533;297260;452996
Gala;Hamburg;woe;19983;320331;313412;476108
Gala;Hamburg;woe;19984;308948;302521;435457
Gala;Hamburg;woe;19991;306906;300361;431854
Gala;Hamburg;woe;19992;315496;309325;444018
Gala;Hamburg;woe;19993;338304;332027;473090
Gala;Hamburg;woe;19994;312276;305533;427045
Gala;Hamburg;woe;20001;310464;304202;431394
Gala;Hamburg;woe;20002;329850;323275;457020
Gala;Hamburg;woe;20003;366126;359598;494564
Gala;Hamburg;woe;20004;335704;329094;467571
Gala;Hamburg;woe;20011;342471;335660;464328
Gala;Hamburg;woe;20012;337799;330968;473688
Gala;Hamburg;woe;20013;368506;361481;486599
Gala;Hamburg;woe;20014;326972;319830;452413
Gala;Hamburg;woe;20021;331307;324232;455417
Gala;Hamburg;woe;20022;362212;354431;483431
Gala;Hamburg;woe;20023;390301;382890;501846
Gala;Hamburg;woe;20024;341148;333054;476296
Gala;Hamburg;woe;20031;353469;344567;471315
Gala;Hamburg;woe;20032;362626;355025;486265
Gala;Hamburg;woe;20033;415592;408027;546015
Gala;Hamburg;woe;20034;361270;353381;513972
Gala;Hamburg;woe;20041;368503;359930;491114
Gala;Hamburg;woe;20042;388643;380004;528093
Gala;Hamburg;woe;20043;412514;403685;564178
Gala;Hamburg;woe;20044;369208;360468;517552
Gala;Hamburg;woe;20051;393618;385372;523487
Gala;Hamburg;woe;20052;397139;389048;535402
Gala;Hamburg;woe;20053;420480;412260;572044
Gala;Hamburg;woe;20054;363464;355273;520447
Gala;Hamburg;woe;20061;367581;359278;500371
Gala;Hamburg;woe;20062;380621;371856;504131
Gala;Hamburg;woe;20063;421020;412303;562309
Gala;Hamburg;woe;20064;365675;356769;509395
Gala;Hamburg;woe;20071;376044;369259;515888
Gala;Hamburg;woe;20072;381655;374721;516686
Gala;Hamburg;woe;20073;396884;389976;546372
Gala;Hamburg;woe;20074;371142;364015;501165
Gala;Hamburg;woe;20081;383166;376265;514015
Gala;Hamburg;woe;20082;372213;365614;508488
Gala;Hamburg;woe;20083;389167;382430;511348
Gala;Hamburg;woe;20084;341439;334588;461399
Gala;Hamburg;woe;20091;367300;360486;470680
Gala;Hamburg;woe;20092;355618;347664;464137
Gala;Hamburg;woe;20093;367976;361471;478601
Gala;Hamburg;woe;20094;325872;320066;442312
in Das STAR & STYLE Magazin;Berlin;woe;20054;140893;139464;340438
in Das STAR & STYLE Magazin;Berlin;woe;20061;140800;139332;291525
in Das STAR & STYLE Magazin;Berlin;woe;20062;139767;138117;276672
in Das STAR & STYLE Magazin;Berlin;woe;20063;186429;184788;300885
in Das STAR & STYLE Magazin;Berlin;woe;20064;153385;151825;311549
in Das STAR & STYLE Magazin;Berlin;woe;20071;187940;186279;314446
in Das STAR & STYLE Magazin;Berlin;woe;20072;202021;200251;332396
in Das STAR & STYLE Magazin;Berlin;woe;20073;257417;255068;395446
in Das STAR & STYLE Magazin;Berlin;woe;20074;196587;194202;370128
in Das STAR & STYLE Magazin;Berlin;woe;20081;222768;220190;399023
in Das STAR & STYLE Magazin;Berlin;woe;20082;204627;201160;370954
in Das STAR & STYLE Magazin;Berlin;woe;20083;249724;245970;418795
in Das STAR & STYLE Magazin;Berlin;woe;20084;216772;213016;360700
in Das STAR & STYLE Magazin;Berlin;woe;20091;229723;226259;370977
in Das STAR & STYLE Magazin;Berlin;woe;20092;236284;232940;353092
in Das STAR & STYLE Magazin;Berlin;woe;20093;298294;294711;419462
in Das STAR & STYLE Magazin;Berlin;woe;20094;221634;217744;378593
inTOUCH;Hamburg;woe;20061;221310;220134;443492
inTOUCH;Hamburg;woe;20062;289808;256461;492209
inTOUCH;Hamburg;woe;20063;313476;275585;487846
inTOUCH;Hamburg;woe;20064;252238;249394;441186
inTOUCH;Hamburg;woe;20071;263001;257169;423177
inTOUCH;Hamburg;woe;20072;277329;273931;444962
inTOUCH;Hamburg;woe;20073;338179;334820;504100
inTOUCH;Hamburg;woe;20074;294205;291173;491786
inTOUCH;Hamburg;woe;20081;315532;312435;532008
inTOUCH;Hamburg;woe;20082;295214;292200;470831
inTOUCH;Hamburg;woe;20083;338238;334535;492332
inTOUCH;Hamburg;woe;20084;279891;276512;435823
inTOUCH;Hamburg;woe;20091;312286;309439;445838
inTOUCH;Hamburg;woe;20092;349212;346725;504862
inTOUCH;Hamburg;woe;20093;383020;380512;564162
inTOUCH;Hamburg;woe;20094;297396;295261;479232
Kolpingmagazin;Köln;mtl;19981;196708;194100;199637
Kolpingmagazin;Köln;mtl;19982;196216;193191;198477
Kolpingmagazin;Köln;mtl;19983;196016;193107;198165
Kolpingmagazin;Köln;mtl;19984;195772;192371;198035
Kolpingmagazin;Köln;mtl;19991;194713;191687;197033
Kolpingmagazin;Köln;mtl;19992;194491;191378;196633
Kolpingmagazin;Köln;mtl;19993;194412;191513;196400
Kolpingmagazin;Köln;mtl;19994;194317;190236;196500
Kolpingmagazin;Köln;mtl;20001;193636;193636;196400
Kolpingmagazin;Köln;mtl;20002;193572;190650;196800
Kolpingmagazin;Köln;mtl;20003;193579;190745;196250
Kolpingmagazin;Köln;mtl;20004;194848;188804;197710
Kolpingmagazin;Köln;mtl;20011;192587;189451;195267
Kolpingmagazin;Köln;mtl;20012;192397;189156;194133
Kolpingmagazin;Köln;mtl;20013;192301;189021;194550
Kolpingmagazin;Köln;mtl;20014;191736;188416;194333
Kolpingmagazin;Köln;mtl;20021;191192;187872;193667
Kolpingmagazin;Köln;mtl;20022;190849;187915;193400
Kolpingmagazin;Köln;mtl;20023;190901;187666;193400
Kolpingmagazin;Köln;mtl;20024;190510;187151;192933
Kolpingmagazin;Köln;mtl;20031;189818;186397;192367
Kolpingmagazin;Köln;mtl;20032;189235;186136;191700
Kolpingmagazin;Köln;mtl;20033;189246;185975;191600
Kolpingmagazin;Köln;mtl;20034;188809;185174;191133
Kolpingmagazin;Köln;mtl;20041;187597;184086;190000
Kolpingmagazin;Köln;mtl;20042;187065;183988;189183
Kolpingmagazin;Köln;mtl;20043;187034;184089;189050
Kolpingmagazin;Köln;mtl;20044;193281;190655;195467
Kolpingmagazin;Köln;mtl;20051;192108;189659;193762
Kolpingmagazin;Köln;mtl;20051;192108;191064;193762
Kolpingmagazin;Köln;mtl;20052;189724;187322;191333
Kolpingmagazin;Köln;mtl;20052;189724;188707;191333
Kolpingmagazin;Köln;mtl;20053;188947;187803;190647
Kolpingmagazin;Köln;mtl;20054;190042;189190;189567
Kolpingmagazin;Köln;mtl;20061;186215;185379;187883
Kolpingmagazin;Köln;mtl;20062;185271;184470;186990
Kolpingmagazin;Köln;mtl;20063;184711;183886;186310
Kolpingmagazin;Köln;mtl;20064;183576;182746;185197
Kolpingmagazin;Köln;mtl;20071;181714;180888;183363
Kolpingmagazin;Köln;mtl;20072;180718;179942;182441
Kolpingmagazin;Köln;mtl;20073;180154;179069;181520
Kolpingmagazin;Köln;mtl;20074;179352;178844;181034
Kolpingmagazin;Köln;mtl;20081;178545;178248;185082
Kolpingmagazin;Köln;mtl;20081;178545;178248;185082
Kolpingmagazin;Köln;mtl;20082;177476;176103;184352
Kolpingmagazin;Köln;mtl;20082;177476;176103;184352
Kolpingmagazin;Köln;mtl;20083;177280;175421;183772
Kolpingmagazin;Köln;mtl;20083;177280;175421;183772
Kolpingmagazin;Köln;mtl;20084;177006;176429;182574
Kolpingmagazin;Köln;mtl;20084;177006;176429;182574
Kolpingmagazin;Köln;mtl;20091;175761;175545;181354
Kolpingmagazin;Köln;mtl;20091;175761;175545;181354
Kolpingmagazin;Köln;mtl;20092;174853;174550;180565
Kolpingmagazin;Köln;mtl;20093;174484;174011;179934
Kolpingmagazin;Köln;mtl;20094;173444;173317;178840
Kontakt (Russisch);Köln;woe;20014;52690;37889;55000
Kontakt (Russisch);Köln;woe;20021;53380;36259;57142
Kontakt (Russisch);Köln;woe;20022;55582;35612;59167
Kontakt (Russisch);Köln;woe;20023;51963;35759;54572
Kontakt (Russisch);Köln;woe;20024;53045;36469;55583
Kontakt (Russisch);Köln;woe;20031;54413;37236;57450
Kontakt (Russisch);Köln;woe;20032;55174;40224;56250
Kontakt (Russisch);Köln;woe;20033;67266;42883;70000
Kontakt (Russisch);Köln;woe;20034;56906;45091;59998
Kontakt (Russisch);Köln;woe;20041;57705;44928;58880
Kontakt (Russisch);Köln;woe;20042;47420;46992;48692
Kontakt (Russisch);Köln;woe;20043;46086;46086;47210
Kontakt (Russisch);Köln;woe;20044;46908;46908;48047
Kontakt (Russisch);Köln;woe;20051;48530;45658;51230
Kontakt (Russisch);Köln;woe;20051;48490;47657;51230
Kontakt (Russisch);Köln;woe;20052;46032;46032;50081
Kontakt (Russisch);Köln;woe;20053;54595;49499;57334
Kontakt (Russisch);Köln;woe;20054;86106;58425;89569
Kontakt (Russisch);Köln;woe;20061;72933;63636;76354
Kontakt (Russisch);Köln;woe;20061;73508;64211;76354
Kontakt (Russisch);Köln;woe;20062;70686;67576;75062
Kontakt (Russisch);Köln;woe;20063;69402;67998;73012
Kontakt (Russisch);Köln;woe;20064;76557;72888;81556
Kontakt (Russisch);Köln;woe;20071;71123;71123;75331
Kontakt (Russisch);Köln;woe;20072;70470;70470;73838
Kontakt (Russisch);Köln;woe;20073;69287;69287;72400
Kontakt (Russisch);Köln;woe;20074;69516;69516;72531
Kontakt (Russisch);Köln;woe;20081;71027;71027;74346
Kontakt (Russisch);Köln;woe;20082;69822;69822;73862
Kontakt (Russisch);Köln;woe;20083;69076;69076;73480
Kontakt (Russisch);Köln;woe;20084;72519;69498;76452
Kontakt (Russisch);Köln;woe;20091;69924;67910;72972
Kontakt (Russisch);Köln;woe;20092;65515;64746;71035
Kontakt (Russisch);Köln;woe;20093;64084;64084;68041
Kontakt (Russisch);Köln;woe;20094;62596;62596;65947
metallzeitung;Frankfurt;12 x jähr;20001;2118412;2117720;2118467
metallzeitung;Frankfurt;12 x jähr;20001;2118412;2117720;2118467
metallzeitung;Frankfurt;12 x jähr;20001;2118438;2117720;2118467
metallzeitung;Frankfurt;12 x jähr;20002;2116495;2116004;2116550
metallzeitung;Frankfurt;12 x jähr;20003;2102236;2101711;2102291
metallzeitung;Frankfurt;12 x jähr;20004;2106104;2105579;2106159
metallzeitung;Frankfurt;12 x jähr;20011;2092947;2092422;2093002
metallzeitung;Frankfurt;12 x jähr;20011;2092947;2092422;2093002
metallzeitung;Frankfurt;12 x jähr;20012;2090278;2089753;2090333
metallzeitung;Frankfurt;12 x jähr;20013;2084926;2084401;2084981
metallzeitung;Frankfurt;12 x jähr;20014;2073787;2073262;2073842
metallzeitung;Frankfurt;12 x jähr;20021;2066007;2065457;2066201
metallzeitung;Frankfurt;12 x jähr;20022;2058398;2057848;2058592
metallzeitung;Frankfurt;12 x jähr;20023;2064235;2063685;2064429
metallzeitung;Frankfurt;12 x jähr;20024;2063916;2063366;2064110
metallzeitung;Frankfurt;12 x jähr;20031;2066757;2062874;2066951
metallzeitung;Frankfurt;12 x jähr;20032;2060352;2059802;2060546
metallzeitung;Frankfurt;12 x jähr;20033;2055775;2055225;2055969
metallzeitung;Frankfurt;12 x jähr;20034;2045094;2044544;2045288
metallzeitung;Frankfurt;12 x jähr;20041;2031581;2031031;2031775
metallzeitung;Frankfurt;12 x jähr;20042;2012370;2011820;2012564
metallzeitung;Frankfurt;12 x jähr;20043;1988555;1988005;1988749
metallzeitung;Frankfurt;12 x jähr;20044;1998521;1997971;1998715
metallzeitung;Frankfurt;12 x jähr;20051;1981682;1980632;1981876
metallzeitung;Frankfurt;12 x jähr;20052;1969498;1968948;1969692
metallzeitung;Frankfurt;12 x jähr;20053;1960635;1960085;1960829
metallzeitung;Frankfurt;12 x jähr;20054;1972491;1971941;1972685
metallzeitung;Frankfurt;12 x jähr;20061;1951752;1951202;1951946
metallzeitung;Frankfurt;12 x jähr;20062;1940013;1939463;1940207
metallzeitung;Frankfurt;12 x jähr;20063;1924236;1923686;1924430
metallzeitung;Frankfurt;12 x jähr;20064;1933310;1932760;1933504
metallzeitung;Frankfurt;12 x jähr;20071;1907672;1907122;1907866
metallzeitung;Frankfurt;12 x jähr;20072;1895743;1895193;1895937
metallzeitung;Frankfurt;12 x jähr;20073;2192863;2192313;2193057
metallzeitung;Frankfurt;12 x jähr;20074;2220638;2220088;2220832
metallzeitung;Frankfurt;12 x jähr;20081;2234457;2233574;2234652
metallzeitung;Frankfurt;12 x jähr;20082;2237229;2236679;2237423
metallzeitung;Frankfurt;12 x jähr;20083;2237528;2235178;2237722
metallzeitung;Frankfurt;12 x jähr;20084;2239563;2239013;2239758
metallzeitung;Frankfurt;12 x jähr;20091;2232154;2231537;2232347
metallzeitung;Frankfurt;12 x jähr;20092;2231433;2230883;2231627
metallzeitung;Frankfurt;12 x jähr;20093;2219921;2215487;2220115
metallzeitung;Frankfurt;12 x jähr;20094;2219144;2218571;2219476
Motivation;Niederkassel;6 x jähr;19981;17492;4356;20000
Motivation;Niederkassel;6 x jähr;19982;16205;2796;20075
Motivation;Niederkassel;6 x jähr;19983;17010;10632;20000
Motivation;Niederkassel;6 x jähr;19991;14782;2588;20000
Motivation;Niederkassel;6 x jähr;19992;14011;2324;18664
Motivation;Niederkassel;6 x jähr;19993;17733;4239;20300
Motivation;Niederkassel;6 x jähr;19994;14014;3128;18077
Motivation;Niederkassel;6 x jähr;20001;15686;1162;18237
Motivation;Niederkassel;6 x jähr;20002;13614;1456;16150
Motivation;Niederkassel;6 x jähr;20002;15193;3035;16150
Motivation;Niederkassel;6 x jähr;20003;20341;3053;21000
Motivation;Niederkassel;6 x jähr;20004;14460;3174;15019
Neue Zeiten;Frankfurt;mtl;20074;17216;366;18000
Neue Zeiten;Frankfurt;mtl;20081;17038;340;17667
Neue Zeiten;Frankfurt;mtl;20081;17359;661;17667
Neue Zeiten;Frankfurt;mtl;20082;20024;755;20667
Neue Zeiten;Frankfurt;mtl;20082;20117;848;20667
Neue Zeiten;Frankfurt;mtl;20083;19280;608;20667
Neue Zeiten;Frankfurt;mtl;20083;20065;1393;20667
Neue Zeiten;Frankfurt;mtl;20084;20895;1263;21333
Neue Zeiten;Frankfurt;mtl;20091;20205;1267;20333
Neue Zeiten;Frankfurt;mtl;20092;20540;303;21333
Neue Zeiten;Frankfurt;mtl;20093;18596;157;19340
Neue Zeiten;Frankfurt;mtl;20094;20499;300;21000
OK!;Hamburg;woe;20083;181881;178291;336277
OK!;Hamburg;woe;20084;167752;164714;311462
OK!;Hamburg;woe;20091;174850;171852;295454
OK!;Hamburg;woe;20092;194685;191686;296920
OK!;Hamburg;woe;20093;241980;239121;355292
OK!;Hamburg;woe;20094;210941;207384;343979
Partner;Dortmund;mtl;20094;11704;7345;18000
Publik-Forum;Oberursel;14-tgl;19981;37079;34223;38033
Publik-Forum;Oberursel;14-tgl;19982;37878;35346;39042
Publik-Forum;Oberursel;14-tgl;19983;35982;35160;36925
Publik-Forum;Oberursel;14-tgl;19984;36919;35538;37783
Publik-Forum;Oberursel;14-tgl;19991;36013;34698;36867
Publik-Forum;Oberursel;14-tgl;19992;36315;35337;37383
Publik-Forum;Oberursel;14-tgl;19993;34930;34255;35900
Publik-Forum;Oberursel;14-tgl;19994;38645;34877;39467
Publik-Forum;Oberursel;14-tgl;20001;36886;35564;38217
Publik-Forum;Oberursel;14-tgl;20002;37053;36423;38050
Publik-Forum;Oberursel;14-tgl;20003;36759;34905;37283
Publik-Forum;Oberursel;14-tgl;20004;38626;36197;39167
Publik-Forum;Oberursel;14-tgl;20011;37405;35969;37950
Publik-Forum;Oberursel;14-tgl;20012;39234;37067;39911
Publik-Forum;Oberursel;14-tgl;20013;37284;36613;38000
Publik-Forum;Oberursel;14-tgl;20014;39924;36844;40583
Publik-Forum;Oberursel;14-tgl;20021;38580;37517;39600
Publik-Forum;Oberursel;14-tgl;20022;39843;37751;40450
Publik-Forum;Oberursel;14-tgl;20023;38713;37786;39400
Publik-Forum;Oberursel;14-tgl;20024;40674;38105;41400
Publik-Forum;Oberursel;14-tgl;20031;41548;38889;42450
Publik-Forum;Oberursel;14-tgl;20032;42464;40457;43317
Publik-Forum;Oberursel;14-tgl;20033;41506;40254;42050
Publik-Forum;Oberursel;14-tgl;20034;42988;40491;43683
Publik-Forum;Oberursel;14-tgl;20041;42237;40699;42967
Publik-Forum;Oberursel;14-tgl;20042;42935;40776;43817
Publik-Forum;Oberursel;14-tgl;20043;42541;40705;43300
Publik-Forum;Oberursel;14-tgl;20044;42734;40747;43367
Publik-Forum;Oberursel;14-tgl;20051;42976;40687;43592
Publik-Forum;Oberursel;14-tgl;20052;43923;41350;45033
Publik-Forum;Oberursel;14-tgl;20053;41252;40607;42167
Publik-Forum;Oberursel;14-tgl;20054;42290;40331;42996
Publik-Forum;Oberursel;14-tgl;20061;42203;40081;42850
Publik-Forum;Oberursel;14-tgl;20062;43172;40441;44350
Publik-Forum;Oberursel;14-tgl;20063;40950;39879;41633
Publik-Forum;Oberursel;14-tgl;20064;42811;39836;43317
Publik-Forum;Oberursel;14-tgl;20071;43662;39358;44767
Publik-Forum;Oberursel;14-tgl;20072;41227;39631;42543
Publik-Forum;Oberursel;14-tgl;20073;39721;38563;40667
Publik-Forum;Oberursel;14-tgl;20074;48134;38870;48890
Publik-Forum;Oberursel;14-tgl;20081;40048;38370;41244
Publik-Forum;Oberursel;14-tgl;20082;49065;37758;49683
Publik-Forum;Oberursel;14-tgl;20083;49648;37131;51433
Publik-Forum;Oberursel;14-tgl;20084;47006;37360;47920
Publik-Forum;Oberursel;14-tgl;20091;39375;37195;40315
Publik-Forum;Oberursel;14-tgl;20092;38727;37199;39517
Publik-Forum;Oberursel;14-tgl;20093;37047;36353;37754
Publik-Forum;Oberursel;14-tgl;20094;40628;36072;41744
Reader´s Digest Das Beste;Stuttgart;mtl;19981;1318382;1234019;1418472
Reader´s Digest Das Beste;Stuttgart;mtl;19982;1162770;1153211;1257929
Reader´s Digest Das Beste;Stuttgart;mtl;19983;1203882;1162113;1303575
Reader´s Digest Das Beste;Stuttgart;mtl;19984;1110200;1098738;1215636
Reader´s Digest Das Beste;Stuttgart;mtl;19991;1237935;1159898;1371697
Reader´s Digest Das Beste;Stuttgart;mtl;19992;1100477;1092413;1202464
Reader´s Digest Das Beste;Stuttgart;mtl;19993;1138593;1098966;1243987
Reader´s Digest Das Beste;Stuttgart;mtl;19994;1063702;1037372;1150371
Reader´s Digest Das Beste;Stuttgart;mtl;20001;1147939;1104037;1262726
Reader´s Digest Das Beste;Stuttgart;mtl;20002;1071939;1060425;1174179
Reader´s Digest Das Beste;Stuttgart;mtl;20003;1104216;1070889;1203388
Reader´s Digest Das Beste;Stuttgart;mtl;20004;1080322;1061929;1146438
Reader´s Digest Das Beste;Stuttgart;mtl;20011;1095979;1057625;1182318
Reader´s Digest Das Beste;Stuttgart;mtl;20012;1062819;1044675;1144999
Reader´s Digest Das Beste;Stuttgart;mtl;20013;1126367;1064475;1199083
Reader´s Digest Das Beste;Stuttgart;mtl;20014;1044836;1031536;1118775
Reader´s Digest Das Beste;Stuttgart;mtl;20021;1068468;1041551;1130749
Reader´s Digest Das Beste;Stuttgart;mtl;20022;1034964;1026095;1096578
Reader´s Digest Das Beste;Stuttgart;mtl;20023;1071031;1029537;1126764
Reader´s Digest Das Beste;Stuttgart;mtl;20024;1008874;1001254;1066958
Reader´s Digest Das Beste;Stuttgart;mtl;20031;1050557;1018725;1102756
Reader´s Digest Das Beste;Stuttgart;mtl;20032;1013644;1006223;1080177
Reader´s Digest Das Beste;Stuttgart;mtl;20033;1043109;1011489;1103543
Reader´s Digest Das Beste;Stuttgart;mtl;20034;1017111;1007972;1063889
Reader´s Digest Das Beste;Stuttgart;mtl;20041;1039392;1010996;1101832
Reader´s Digest Das Beste;Stuttgart;mtl;20042;961208;956203;1013255
Reader´s Digest Das Beste;Stuttgart;mtl;20043;873518;841607;919148
Reader´s Digest Das Beste;Stuttgart;mtl;20044;802274;792055;854200
Reader´s Digest Das Beste;Stuttgart;mtl;20051;823092;794750;884040
Reader´s Digest Das Beste;Stuttgart;mtl;20052;775350;761557;840376
Reader´s Digest Das Beste;Stuttgart;mtl;20053;801586;780040;865099
Reader´s Digest Das Beste;Stuttgart;mtl;20054;790513;783269;841151
Reader´s Digest Das Beste;Stuttgart;mtl;20061;843798;805521;915318
Reader´s Digest Das Beste;Stuttgart;mtl;20062;794567;777238;851079
Reader´s Digest Das Beste;Stuttgart;mtl;20063;829338;798715;891752
Reader´s Digest Das Beste;Stuttgart;mtl;20064;810131;799881;855781
Reader´s Digest Das Beste;Stuttgart;mtl;20071;894659;847783;930152
Reader´s Digest Das Beste;Stuttgart;mtl;20072;845704;831284;902889
Reader´s Digest Das Beste;Stuttgart;mtl;20073;842399;800851;905709
Reader´s Digest Das Beste;Stuttgart;mtl;20074;811819;796359;877705
Reader´s Digest Das Beste;Stuttgart;mtl;20081;843832;812876;894152
Reader´s Digest Das Beste;Stuttgart;mtl;20082;809795;791359;876943
Reader´s Digest Das Beste;Stuttgart;mtl;20083;801467;768095;882355
Reader´s Digest Das Beste;Stuttgart;mtl;20084;809630;802175;872139
Reader´s Digest Das Beste;Stuttgart;mtl;20091;809318;783450;867524
Reader´s Digest Das Beste;Stuttgart;mtl;20092;764459;753636;829608
Reader´s Digest Das Beste;Stuttgart;mtl;20093;787566;752222;862317
Reader´s Digest Das Beste;Stuttgart;mtl;20094;778597;770803;818983
Revue;Hamburg;woe;19981;412680;410141;564415
Revue;Hamburg;woe;19982;414344;411721;547627
Revue;Hamburg;woe;19983;417836;415227;553152
Revue;Hamburg;woe;19984;395070;392464;523816
Revue;Hamburg;woe;19991;381631;378992;519886
Revue;Hamburg;woe;19992;369230;366578;504862
Revue;Hamburg;woe;19993;360142;357627;505228
Revue;Hamburg;woe;19994;327194;324719;469766
Revue;Hamburg;woe;20001;319922;317518;450229
Revue;Hamburg;woe;20002;316832;314569;430015
Revue;Hamburg;woe;20003;326138;323905;429531
Revue;Hamburg;woe;20004;310829;308601;415597
Revue;Hamburg;woe;20011;323655;321453;428256
Revue;Hamburg;woe;20012;310340;308274;429066
Revue;Hamburg;woe;20013;327090;325046;445800
Revue;Hamburg;woe;20014;297380;295327;429106
Revue;Hamburg;woe;20021;298515;295987;415764
Revue;Hamburg;woe;20022;296936;294467;408953
Revue;Hamburg;woe;20023;303224;300622;418265
Revue;Hamburg;woe;20024;320235;317657;467105
Revue;Hamburg;woe;20031;285575;283261;427265
Revue;Hamburg;woe;20032;281897;279526;401516
Revue;Hamburg;woe;20033;291752;288108;396952
Revue;Hamburg;woe;20034;262825;260681;374208
Revue;Hamburg;woe;20041;258879;256809;360003
Revue;Hamburg;woe;20042;255188;252981;357546
Revue;Hamburg;woe;20043;276185;273935;392858
Revue;Hamburg;woe;20044;228979;226757;367459
Revue;Hamburg;woe;20051;251928;249677;368492
Revue;Hamburg;woe;20052;237235;234906;340630
Revue;Hamburg;woe;20053;254437;252071;361370
Revue;Hamburg;woe;20054;239358;236932;363800
Revue;Hamburg;woe;20061;249320;246763;364923
Revue;Hamburg;woe;20062;244730;242227;355254
Revue;Hamburg;woe;20063;258914;256623;352485
Revue;Hamburg;woe;20064;237364;234997;335477
Revue;Hamburg;woe;20071;241341;239127;340569
Revue;Hamburg;woe;20072;210190;208044;341704
Revue;Hamburg;woe;20073;224925;222761;326292
Revue;Hamburg;woe;20074;208829;206592;300285
Revue;Hamburg;woe;20081;210607;208470;293115
Revue;Hamburg;woe;20082;210437;208261;285369
Spiegel Reporter;Hamburg;;19981;4642;4095;
Spiegel Reporter;Hamburg;mtl;19981;140964;132813;200870
Spiegel Reporter;Hamburg;;19982;3420;3187;
Spiegel Reporter;Hamburg;mtl;19982;126375;117244;226745
Spiegel Reporter;Hamburg;mtl;19983;111214;103902;222660
Spiegel Reporter;Hamburg;mtl;19984;131518;124481;259839
Spiegel Reporter;Hamburg;mtl;19991;106578;99078;199617
Spiegel Reporter;Hamburg;mtl;19992;101695;94285;212920
Spiegel Reporter;Hamburg;mtl;19993;79426;72468;180413
Spiegel Reporter;Hamburg;mtl;19994;114498;106300;184542
Spiegel Reporter;Hamburg;mtl;20001;105652;99289;202150
Spiegel Reporter;Hamburg;mtl;20002;90852;84904;179233
Spiegel Reporter;Hamburg;mtl;20003;112230;106625;173278
Spiegel Reporter;Hamburg;mtl;20004;114916;108049;174242
Spiegel Reporter;Hamburg;mtl;20011;105543;98907;190323
Spiegel, Der;Hamburg;woe;19981;1054767;1038687;1287908
Spiegel, Der;Hamburg;woe;19982;1061126;1045170;1292128
Spiegel, Der;Hamburg;woe;19983;1073298;1058496;1314478
Spiegel, Der;Hamburg;woe;19984;1074458;1056673;1334596
Spiegel, Der;Hamburg;woe;19991;1060966;1038604;1319220
Spiegel, Der;Hamburg;woe;19992;1063548;1039497;1273612
Spiegel, Der;Hamburg;woe;19993;1080682;1065438;1295874
Spiegel, Der;Hamburg;woe;19994;1037199;1020986;1283089
Spiegel, Der;Hamburg;woe;20001;1068477;1051615;1294681
Spiegel, Der;Hamburg;woe;20002;1023833;1007690;1273878
Spiegel, Der;Hamburg;woe;20003;1070864;1057317;1308388
Spiegel, Der;Hamburg;woe;20004;1024927;1010285;1291558
Spiegel, Der;Hamburg;woe;20011;1065525;1049666;1321108
Spiegel, Der;Hamburg;woe;20012;1106858;1079701;1348232
Spiegel, Der;Hamburg;woe;20013;1148155;1134244;1387743
Spiegel, Der;Hamburg;woe;20014;1133857;1106750;1385415
Spiegel, Der;Hamburg;woe;20021;1081774;1065625;1323424
Spiegel, Der;Hamburg;woe;20022;1099025;1072950;1338007
Spiegel, Der;Hamburg;woe;20023;1122079;1108589;1365256
Spiegel, Der;Hamburg;woe;20024;1111819;1085605;1361142
Spiegel, Der;Hamburg;woe;20031;1139562;1123803;1373976
Spiegel, Der;Hamburg;woe;20032;1098688;1069047;1359558
Spiegel, Der;Hamburg;woe;20033;1137124;1124240;1359472
Spiegel, Der;Hamburg;woe;20034;1134742;1108083;1399858
Spiegel, Der;Hamburg;woe;20041;1096053;1080873;1355014
Spiegel, Der;Hamburg;woe;20042;1104715;1088932;1353702
Spiegel, Der;Hamburg;woe;20043;1110740;1097720;1357031
Spiegel, Der;Hamburg;woe;20044;1090448;1075946;1319492
Spiegel, Der;Hamburg;woe;20051;1108343;1095122;1341620
Spiegel, Der;Hamburg;woe;20052;1085812;1072079;1320877
Spiegel, Der;Hamburg;woe;20053;1124479;1113078;1364294
Spiegel, Der;Hamburg;woe;20054;1055316;1042395;1321285
Spiegel, Der;Hamburg;woe;20061;1067762;1055369;1307344
Spiegel, Der;Hamburg;woe;20062;1046001;1033454;1297701
Spiegel, Der;Hamburg;woe;20063;1088693;1077202;1318015
Spiegel, Der;Hamburg;woe;20064;1038351;1026199;1287993
Spiegel, Der;Hamburg;woe;20071;1062462;1050397;1297707
Spiegel, Der;Hamburg;woe;20072;1065858;1051113;1296515
Spiegel, Der;Hamburg;woe;20073;1089184;1078981;1330554
Spiegel, Der;Hamburg;woe;20074;1018173;1006634;1272700
Spiegel, Der;Hamburg;woe;20081;1061423;1050296;1268400
Spiegel, Der;Hamburg;woe;20082;1039285;1027353;1266162
Spiegel, Der;Hamburg;woe;20083;1069201;1056229;1268853
Spiegel, Der;Hamburg;woe;20084;1071256;1046090;1284308
Spiegel, Der;Hamburg;woe;20091;1065871;1052432;1260500
Spiegel, Der;Hamburg;woe;20092;1040860;1029558;1237582
Spiegel, Der;Hamburg;woe;20093;1055201;1044745;1272700
Spiegel, Der;Hamburg;woe;20094;1027035;1016373;1225219
Stern;Hamburg;woe;19981;1178730;1164168;1393131
Stern;Hamburg;woe;19982;1129786;1115059;1417538
Stern;Hamburg;woe;19983;1186739;1172308;1457161
Stern;Hamburg;woe;19984;1117169;1102075;1423346
Stern;Hamburg;woe;19991;1124439;1108933;1396192
Stern;Hamburg;woe;19992;1093953;1078168;1359500
Stern;Hamburg;woe;19993;1226945;1201926;1489346
Stern;Hamburg;woe;19994;1097422;1080379;1367500
Stern;Hamburg;woe;20001;1091238;1074344;1361577
Stern;Hamburg;woe;20002;1098112;1081603;1360269
Stern;Hamburg;woe;20003;1158680;1141133;1438346
Stern;Hamburg;woe;20004;1098981;1081613;1364654
Stern;Hamburg;woe;20011;1095032;1077932;1363654
Stern;Hamburg;woe;20012;1099594;1082683;1352784
Stern;Hamburg;woe;20013;1168850;1152101;1448245
Stern;Hamburg;woe;20014;1102615;1085698;1370115
Stern;Hamburg;woe;20021;1057363;1040229;1313577
Stern;Hamburg;woe;20022;1073337;1056250;1351398
Stern;Hamburg;woe;20023;1101182;1083377;1385187
Stern;Hamburg;woe;20024;1059437;1041917;1325731
Stern;Hamburg;woe;20031;1166407;1141293;1423000
Stern;Hamburg;woe;20032;1090810;1073591;1372192
Stern;Hamburg;woe;20033;1106178;1088902;1359962
Stern;Hamburg;woe;20034;1083508;1065966;1356846
Stern;Hamburg;woe;20041;1105457;1087847;1381077
Stern;Hamburg;woe;20042;1095485;1078463;1380192
Stern;Hamburg;woe;20043;1047533;1030748;1316821
Stern;Hamburg;woe;20044;1107622;1090755;1357807
Stern;Hamburg;woe;20051;1068562;1051744;1369500
Stern;Hamburg;woe;20052;1079538;1064540;1305769
Stern;Hamburg;woe;20053;1069779;1053453;1301962
Stern;Hamburg;woe;20054;1032518;1017187;1280515
Stern;Hamburg;woe;20061;1031236;1018705;1284923
Stern;Hamburg;woe;20062;1024666;1012193;1270692
Stern;Hamburg;woe;20063;1024980;1012487;1255846
Stern;Hamburg;woe;20064;1019338;1007345;1234538
Stern;Hamburg;woe;20071;1018146;1009437;1284615
Stern;Hamburg;woe;20072;1020164;1011290;1242231
Stern;Hamburg;woe;20073;1016624;1007724;1250115
Stern;Hamburg;woe;20074;1013101;1004170;1243077
Stern;Hamburg;woe;20081;989604;981016;1221500
Stern;Hamburg;woe;20082;995780;986753;1224038
Stern;Hamburg;woe;20083;995994;987240;1233577
Stern;Hamburg;woe;20084;969001;960834;1198654
Stern;Hamburg;woe;20091;972221;963409;1195695
Stern;Hamburg;woe;20092;973730;964345;1192404
Stern;Hamburg;woe;20093;957003;949546;1171798
Stern;Hamburg;woe;20094;902562;895962;1119654
SUPERillu;Berlin;woe;19981;606813;602136;784498
SUPERillu;Berlin;woe;19982;589656;583117;761306
SUPERillu;Berlin;woe;19983;589285;586414;754230
SUPERillu;Berlin;woe;19984;587857;583365;742083
SUPERillu;Berlin;woe;19991;596410;593578;771518
SUPERillu;Berlin;woe;19992;585394;578785;772304
SUPERillu;Berlin;woe;19993;616052;611770;764510
SUPERillu;Berlin;woe;19994;605770;601026;767402
SUPERillu;Berlin;woe;20001;617373;612890;790102
SUPERillu;Berlin;woe;20002;587882;583987;748907
SUPERillu;Berlin;woe;20003;620487;616658;782459
SUPERillu;Berlin;woe;20004;588457;582866;731225
SUPERillu;Berlin;woe;20011;634965;625676;805183
SUPERillu;Berlin;woe;20012;619694;615031;819546
SUPERillu;Berlin;woe;20013;624208;622949;798693
SUPERillu;Berlin;woe;20014;604228;602766;777569
SUPERillu;Berlin;woe;20021;633702;627550;853081
SUPERillu;Berlin;woe;20022;604440;595973;828423
SUPERillu;Berlin;woe;20023;611447;604375;789458
SUPERillu;Berlin;woe;20024;587707;584557;756063
SUPERillu;Berlin;woe;20031;646951;640808;841395
SUPERillu;Berlin;woe;20032;586747;581675;799633
SUPERillu;Berlin;woe;20033;589641;585305;784058
SUPERillu;Berlin;woe;20034;571938;564822;738825
SUPERillu;Berlin;woe;20041;623301;616776;820175
SUPERillu;Berlin;woe;20042;554868;550684;760664
SUPERillu;Berlin;woe;20043;576792;568611;755240
SUPERillu;Berlin;woe;20044;550981;540066;749179
SUPERillu;Berlin;woe;20051;579531;575166;783654
SUPERillu;Berlin;woe;20052;519468;515511;707538
SUPERillu;Berlin;woe;20053;534357;529348;690269
SUPERillu;Berlin;woe;20054;549001;545531;702385
SUPERillu;Berlin;woe;20061;564243;559546;755269
SUPERillu;Berlin;woe;20062;518050;511482;684308
SUPERillu;Berlin;woe;20063;538891;535573;672385
SUPERillu;Berlin;woe;20064;524912;523505;675420
SUPERillu;Berlin;woe;20071;529437;526620;704844
SUPERillu;Berlin;woe;20072;488433;484739;659535
SUPERillu;Berlin;woe;20073;486045;481455;639226
SUPERillu;Berlin;woe;20074;472642;471226;636111
SUPERillu;Berlin;woe;20081;494864;491525;658456
SUPERillu;Berlin;woe;20082;453016;451055;616952
SUPERillu;Berlin;woe;20083;463107;459811;602524
SUPERillu;Berlin;woe;20084;460547;457354;601134
SUPERillu;Berlin;woe;20091;493220;491316;666125
SUPERillu;Berlin;woe;20092;440777;437028;617738
SUPERillu;Berlin;woe;20093;461275;459736;618085
SUPERillu;Berlin;woe;20094;437316;434169;628560
Time Magazine Germany;AZ Amsterdam;woe;19981;106667;98039;115985
Time Magazine Germany;AZ Amsterdam;woe;19982;99114;96328;109267
Time Magazine Germany;AZ Amsterdam;woe;19983;96468;95059;104781
Time Magazine Germany;AZ Amsterdam;woe;19984;95820;94050;106160
Time Magazine Germany;AZ Amsterdam;woe;19984;96874;95104;106160
Time Magazine Germany;AZ Amsterdam;woe;19991;99624;96769;108608
Time Magazine Germany;AZ Amsterdam;woe;19992;93924;91671;103067
Time Magazine Germany;AZ Amsterdam;woe;19993;96232;91389;105742
Time Magazine Germany;AZ Amsterdam;woe;19994;98209;92069;107707
Time Magazine Germany;AZ Amsterdam;woe;19994;99622;93282;108313
Time Magazine Germany;AZ Amsterdam;woe;20001;99988;94859;113631
Time Magazine Germany;AZ Amsterdam;woe;20002;97596;93342;107362
Vanity Fair;München;woe;20073;180270;172308;310118
Vanity Fair;München;woe;20074;196613;188965;335978
Vanity Fair;München;woe;20081;198479;189006;336644
Vanity Fair;München;woe;20082;147188;138615;276906
Vanity Fair;München;woe;20082;199158;190585;346010
Vanity Fair;München;woe;20083;213851;206755;310231
Vanity Fair;München;woe;20083;224235;217139;310231
Vanity Fair;München;woe;20084;202867;196727;290994
Vanity Fair (Big Travel Format);München;;20082;51970;51970;69104
VdK-Zeitung;Bonn;10 x jähr;19981;1019104;1013622;1038250
VdK-Zeitung;Bonn;10 x jähr;19982;1021820;1013622;1040100
VdK-Zeitung;Bonn;10 x jähr;19983;1037492;1013622;1055233
VdK-Zeitung;Bonn;10 x jähr;19984;1037848;1013622;1056550
VdK-Zeitung;Bonn;10 x jähr;19991;1034208;1031055;1054033
VdK-Zeitung;Bonn;10 x jähr;19992;1037793;1034640;1058400
VdK-Zeitung;Bonn;10 x jähr;19993;1046041;1037871;1066366
VdK-Zeitung;Bonn;10 x jähr;19994;1052072;1037871;1073350
VdK-Zeitung;Bonn;10 x jähr;20001;1050865;1046893;1075467
VdK-Zeitung;Bonn;10 x jähr;20002;1060876;1056757;1083966
VdK-Zeitung;Bonn;10 x jähr;20003;1072607;1067806;1097000
VdK-Zeitung;Bonn;10 x jähr;20004;1077500;1073299;1102150
VdK-Zeitung;Bonn;10 x jähr;20011;1084731;1080744;1110250
VdK-Zeitung;Bonn;10 x jähr;20012;1097505;1093551;1121800
VdK-Zeitung;Bonn;10 x jähr;20013;1110525;1106113;1134550
VdK-Zeitung;Bonn;10 x jähr;20014;1118078;1113641;1143150
VdK-Zeitung;Bonn;10 x jähr;20021;1113646;1109724;1139633
VdK-Zeitung;Bonn;10 x jähr;20022;1121210;1116888;1146966
VdK-Zeitung;Bonn;10 x jähr;20023;1130018;1125929;1156000
VdK-Zeitung;Bonn;10 x jähr;20024;1137392;1133353;1167250
VdK-Zeitung;Bonn;10 x jähr;20031;1131520;1127631;1157833
VdK-Zeitung;Bonn;10 x jähr;20032;1139774;1135885;1165633
VdK-Zeitung;Bonn;10 x jähr;20033;1154216;1149986;1179950
VdK-Zeitung;Bonn;10 x jähr;20034;1160574;1156569;1186750
VdK-Zeitung;Bonn;10 x jähr;20041;1160704;1156876;1186900
VdK-Zeitung;Bonn;10 x jähr;20042;1177544;1173583;1203100
VdK-Zeitung;Bonn;10 x jähr;20043;1192092;1188064;1219000
VdK-Zeitung;Bonn;10 x jähr;20044;1201470;1196819;1227600
VdK-Zeitung;Bonn;10 x jähr;20051;1192547;1188719;1219333
VdK-Zeitung;Bonn;10 x jähr;20052;1204623;1200662;1230500
VdK-Zeitung;Bonn;10 x jähr;20053;1220401;1216573;1246800
VdK-Zeitung;Bonn;10 x jähr;20054;1229305;1225327;1255700
VdK-Zeitung;Bonn;10 x jähr;20061;1220792;1218287;1248833
VdK-Zeitung;Bonn;10 x jähr;20062;1233112;1230691;1259100
VdK-Zeitung;Bonn;10 x jähr;20062;1233112;1230691;1259100
VdK-Zeitung;Bonn;10 x jähr;20063;1245741;1243147;1273600
VdK-Zeitung;Bonn;10 x jähr;20064;1252014;1249660;1278500
VdK-Zeitung;Bonn;10 x jähr;20071;1242008;1239486;1268833
VdK-Zeitung;Bonn;10 x jähr;20072;1257949;1254747;1284233
VdK-Zeitung;Bonn;10 x jähr;20073;1274542;1271683;1301300
VdK-Zeitung;Bonn;10 x jähr;20074;1282338;1279529;1309800
VdK-Zeitung;Bonn;10 x jähr;20081;1266713;1264213;1294000
VdK-Zeitung;Bonn;10 x jähr;20082;1282821;1279639;1309733
VdK-Zeitung;Bonn;10 x jähr;20083;1299513;1297043;1327150
VdK-Zeitung;Bonn;10 x jähr;20084;1306778;1304205;1331450
VdK-Zeitung;Bonn;10 x jähr;20091;1289899;1287100;1315400
VdK-Zeitung;Bonn;10 x jähr;20092;1305235;1302103;1330400
VdK-Zeitung;Bonn;10 x jähr;20093;1329054;1326122;1353700
VdK-Zeitung;Bonn;10 x jähr;20094;1332983;1330051;1357449
VIEW;Hamburg;mtl;20071;127593;123529;205833
VIEW;Hamburg;mtl;20072;119595;115612;204833
VIEW;Hamburg;mtl;20073;135048;131095;209167
VIEW;Hamburg;mtl;20074;132051;128099;223833
VIEW;Hamburg;mtl;20081;113419;109570;199000
VIEW;Hamburg;mtl;20082;127571;124179;210333
VIEW;Hamburg;mtl;20083;135402;132126;224000
VIEW;Hamburg;mtl;20084;134106;130844;219000
VIEW;Hamburg;mtl;20091;128684;125476;203667
VIEW;Hamburg;mtl;20092;141958;138961;212667
VIEW;Hamburg;mtl;20093;147656;145095;220118
VIEW;Hamburg;mtl;20094;146192;144099;233250
VIS-A-VIS;Bad Honnef;vtl-jähr;19981;24386;1612;26000
VIS-A-VIS;Bad Honnef;vtl-jähr;19982;25065;4948;26500
VIS-A-VIS;Bad Honnef;vtl-jähr;19983;22813;3608;25000
VIS-A-VIS;Bad Honnef;vtl-jähr;19984;23672;4534;25000
VIS-A-VIS;Bad Honnef;vtl-jähr;19991;22722;4054;25000
VIS-A-VIS;Bad Honnef;vtl-jähr;19992;22821;3682;25000
VIS-A-VIS;Bad Honnef;vtl-jähr;19992;22821;3978;25000
VIS-A-VIS;Bad Honnef;vtl-jähr;19993;23376;4208;25000
VIS-A-VIS;Bad Honnef;vtl-jähr;20002;8091;33;10000
VIS-A-VIS;Bad Honnef;vtl-jähr;20003;108104;46;110000
VIS-A-VIS;Bad Honnef;vtl-jähr;20004;108407;46;110000
VIS-A-VIS;Bad Honnef;vtl-jähr;20011;111588;45;111543
VIS-A-VIS;Bad Honnef;vtl-jähr;20012;110085;45;113190
VIS-A-VIS;Bad Honnef;vtl-jähr;20012;112588;45;112543
VIS-A-VIS;Bad Honnef;vtl-jähr;20013;111842;45;113297
VIS-A-VIS;Bad Honnef;vtl-jähr;20014;11439;45;12394
VIS-A-VIS;Bad Honnef;vtl-jähr;20021;80045;45;142000
VIS-A-VIS;Bad Honnef;vtl-jähr;20021;141045;45;142000
VIS-A-VIS;Bad Honnef;vtl-jähr;20024;85250;250;121500
Weltbild;Augsburg;14-tgl;19981;223687;222503;228144
Weltbild;Augsburg;14-tgl;19982;203071;202028;206583
Weltbild;Augsburg;14-tgl;19983;162401;161536;164143
Weltbild;Augsburg;14-tgl;19984;157823;152491;164583
Weltbild;Augsburg;14-tgl;19991;159725;150706;169117
Weltbild;Augsburg;14-tgl;19992;147582;140727;155167
Weltbild;Augsburg;14-tgl;19993;155485;153180;159083
Weltbild;Augsburg;14-tgl;19994;164599;162901;166250
Weltbild;Augsburg;14-tgl;20001;167007;165339;171417
Weltbild;Augsburg;14-tgl;20002;157997;156117;162666
Weltbild;Augsburg;14-tgl;20003;351103;150869;362200
Weltbild;Augsburg;14-tgl;20004;182550;181247;414333
Wostok;Berlin;3-mtl;19981;11381;9979;14500
Wostok;Berlin;3-mtl;19982;11150;9786;13700
Wostok;Berlin;3-mtl;19983;11035;9687;13700
Wostok;Berlin;3-mtl;19984;9626;8370;13700
Wostok;Berlin;3-mtl;19991;8753;7263;11000
Wostok;Berlin;3-mtl;19992;8576;7250;11180
Wostok;Berlin;3-mtl;19993;8293;7115;10520
Wostok;Berlin;3-mtl;19994;8688;7090;10000
Wostok;Berlin;3-mtl;20002;7377;6240;9500
Wostok;Berlin;3-mtl;20002;7954;6817;9500
Wostok;Berlin;3-mtl;20003;7632;6691;8500
Wostok;Berlin;3-mtl;20004;7433;6585;8500
Wostok;Berlin;3-mtl;20011;6916;5965;7600
Wostok;Berlin;3-mtl;20012;6727;5893;8000
Wostok;Berlin;3-mtl;20013;6710;5760;8300
Wostok;Berlin;3-mtl;20014;6858;5743;8300
